[
{
  "fields": {
    "name": "one-s"
  },
  "model": "missing_pages.student",
  "pk": 1
},
{
  "fields": {
    "name": "two-s"
  },
  "model": "missing_pages.student",
  "pk": 2
},
{
  "fields": {
    "name": "three-s"
  },
  "model": "missing_pages.student",
  "pk": 3
},
{
  "fields": {
    "name": "four-s"
  },
  "model": "missing_pages.student",
  "pk": 4
},
{
  "fields": {
    "name": "five-s"
  },
  "model": "missing_pages.student",
  "pk": 5
},

{
  "fields": {
    "name": "one-t"
  },
  "model": "missing_pages.test",
  "pk": 1
},
{
  "fields": {
    "name": "two-t"
  },
  "model": "missing_pages.test",
  "pk": 2
},
{
  "fields": {
    "name": "three-t"
  },
  "model": "missing_pages.test",
  "pk": 3
},

{
  "fields": {
    "test": 1,
    "name": "one-v"
  },
  "model": "missing_pages.version",
  "pk": 1
},
{
  "fields": {
    "test": 1,
    "name": "two-v"
  },
  "model": "missing_pages.version",
  "pk": 2
},
{
  "fields": {
    "test": 1,
    "name": "three-v"
  },
  "model": "missing_pages.version",
  "pk": 3
},
{
  "fields": {
    "test": 1,
    "name": "four-v"
  },
  "model": "missing_pages.version",
  "pk": 4
},
{
  "fields": {
    "test": 1,
    "name": "five-v"
  },
  "model": "missing_pages.version",
  "pk": 5
},
{
  "fields": {
    "test": 1,
    "name": "six-v"
  },
  "model": "missing_pages.version",
  "pk": 6
},
{
  "fields": {
    "test": 3,
    "name": "1-3-v"
  },
  "model": "missing_pages.version",
  "pk": 7
},
{
  "fields": {
    "test": 3,
    "name": "2-3-v"
  },
  "model": "missing_pages.version",
  "pk": 8
},
{
  "fields": {
    "test": 3,
    "name": "3-3v"
  },
  "model": "missing_pages.version",
  "pk": 9
},

{
  "fields": {
    "index": 1,
    "version": 1
  },
  "model": "missing_pages.page",
  "pk": 1
},
{
  "fields": {
    "index": 2,
    "version": 1
  },
  "model": "missing_pages.page",
  "pk": 2
},
{
  "fields": {
    "index": 3,
    "version": 1
  },
  "model": "missing_pages.page",
  "pk": 3
},
{
  "fields": {
    "index": 1,
    "version": 2
  },
  "model": "missing_pages.page",
  "pk": 4
},
{
  "fields": {
    "index": 2,
    "version": 2
  },
  "model": "missing_pages.page",
  "pk": 5
},
{
  "fields": {
    "index": 1,
    "version": 3
  },
  "model": "missing_pages.page",
  "pk": 6
},
{
  "fields": {
    "index": 1,
    "version": 4
  },
  "model": "missing_pages.page",
  "pk": 7
},
{
  "fields": {
    "index": 2,
    "version": 4
  },
  "model": "missing_pages.page",
  "pk": 8
},
{
  "fields": {
    "index": 3,
    "version": 4
  },
  "model": "missing_pages.page",
  "pk": 9
},
{
  "fields": {
    "index": 4,
    "version": 4
  },
  "model": "missing_pages.page",
  "pk": 10
},
{
  "fields": {
    "index": 1,
    "version": 5
  },
  "model": "missing_pages.page",
  "pk": 11
},
{
  "fields": {
    "index": 2,
    "version": 5
  },
  "model": "missing_pages.page",
  "pk": 12
},
{
  "fields": {
    "index": 1,
    "version": 7
  },
  "model": "missing_pages.page",
  "pk": 13
},
{
  "fields": {
    "index": 2,
    "version": 7
  },
  "model": "missing_pages.page",
  "pk": 14
},
{
  "fields": {
    "index": 3,
    "version": 7
  },
  "model": "missing_pages.page",
  "pk": 15
},
{
  "fields": {
    "index": 1,
    "version": 8
  },
  "model": "missing_pages.page",
  "pk": 16
},
{
  "fields": {
    "index": 2,
    "version": 8
  },
  "model": "missing_pages.page",
  "pk": 17
},
{
  "fields": {
    "index": 1,
    "version": 9
  },
  "model": "missing_pages.page",
  "pk": 18
},

{
  "fields": {
    "status": 1,
    "page": 4,
    "student": 1
  },
  "model": "missing_pages.studentpage",
  "pk": 1
},
{
  "fields": {
    "status": 3,
    "page": 6,
    "student": 3
  },
  "model": "missing_pages.studentpage",
  "pk": 2
},
{
  "fields": {
    "status": 2,
    "page": 8,
    "student": 4
  },
  "model": "missing_pages.studentpage",
  "pk": 3
},
{
  "fields": {
    "status": 4,
    "page": 10,
    "student": 4
  },
  "model": "missing_pages.studentpage",
  "pk": 4
},
{
  "fields": {
    "status": 5,
    "page": 11,
    "student": 5
  },
  "model": "missing_pages.studentpage",
  "pk": 5
},
{
  "fields": {
    "status": 2,
    "page": 12,
    "student": 5
  },
  "model": "missing_pages.studentpage",
  "pk": 6
},
{
  "fields": {
    "status": 1,
    "page": 18,
    "student": 1
  },
  "model": "missing_pages.studentpage",
  "pk": 7
},
{
  "fields": {
    "status": 2,
    "page": 17,
    "student": 2
  },
  "model": "missing_pages.studentpage",
  "pk": 8
},
{
  "fields": {
    "status": 3,
    "page": 15,
    "student": 3
  },
  "model": "missing_pages.studentpage",
  "pk": 9
},
{
  "fields": {
    "status": 4,
    "page": 18,
    "student": 4
  },
  "model": "missing_pages.studentpage",
  "pk": 10
},
{
  "fields": {
    "status": 5,
    "page": 13,
    "student": 5
  },
  "model": "missing_pages.studentpage",
  "pk": 11
}
]
